{"cameraMode":{"drawMode":0,"name":"Shaded","section":"Shading Mode"},"sceneLighting":false,"audioPlay":false,"sceneViewState":{"m_AlwaysRefresh":false,"showFog":true,"showSkybox":false,"showFlares":true,"showImageEffects":true,"showParticleSystems":true,"showVisualEffectGraphs":true,"m_FxEnabled":true},"in2DMode":false,"pivot":{"x":78.96221160888672,"y":-12.419755935668946,"z":48.58723068237305},"rotation":{"x":0.034831732511520389,"y":-0.6869678497314453,"z":0.03299983963370323,"w":0.7251036167144775},"size":0.39757904410362246,"orthographic":false}