{"cameraMode":{"drawMode":0,"name":"Shaded","section":"Shading Mode"},"sceneLighting":false,"audioPlay":false,"sceneViewState":{"m_AlwaysRefresh":false,"showFog":true,"showSkybox":false,"showFlares":true,"showImageEffects":true,"showParticleSystems":true,"showVisualEffectGraphs":true,"m_FxEnabled":true},"in2DMode":false,"pivot":{"x":-1.1520001888275147,"y":1.5679998397827149,"z":0.18200083076953889},"rotation":{"x":0.04156617075204849,"y":-0.7194633483886719,"z":0.04321974143385887,"w":0.6919382214546204},"size":0.3975505530834198,"orthographic":false}