{"cameraMode":{"drawMode":0,"name":"Shaded","section":"Shading Mode"},"sceneLighting":false,"audioPlay":false,"sceneViewState":{"m_AlwaysRefresh":false,"showFog":true,"showSkybox":false,"showFlares":true,"showImageEffects":true,"showParticleSystems":true,"showVisualEffectGraphs":true,"m_FxEnabled":true},"in2DMode":false,"pivot":{"x":-0.3741115927696228,"y":0.10675365477800369,"z":-0.4777531921863556},"rotation":{"x":0.1368018090724945,"y":-0.4619002938270569,"z":0.07233551144599915,"w":0.8733503222465515},"size":1.4469904899597169,"orthographic":false}