{"cameraMode":{"drawMode":0,"name":"Shaded","section":"Shading Mode"},"sceneLighting":false,"audioPlay":false,"sceneViewState":{"m_AlwaysRefresh":false,"showFog":true,"showSkybox":false,"showFlares":true,"showImageEffects":true,"showParticleSystems":true,"showVisualEffectGraphs":true,"m_FxEnabled":true},"in2DMode":false,"pivot":{"x":-0.12386411428451538,"y":1.0872598886489869,"z":-3.5762786865234377e-7},"rotation":{"x":-0.03796891123056412,"y":0.9406400322914124,"z":-0.11228766292333603,"w":-0.3181016743183136},"size":2.402233123779297,"orthographic":false}