{"cameraMode":{"drawMode":0,"name":"Shaded","section":"Shading Mode"},"sceneLighting":true,"audioPlay":false,"sceneViewState":{"m_AlwaysRefresh":false,"showFog":true,"showSkybox":false,"showFlares":true,"showImageEffects":true,"showParticleSystems":true,"showVisualEffectGraphs":true,"m_FxEnabled":true},"in2DMode":false,"pivot":{"x":-3.9128992557525636,"y":3.6175317764282228,"z":1.9732269048690797},"rotation":{"x":0.16886858642101289,"y":0.5303826928138733,"z":-0.10872161388397217,"w":0.823657751083374},"size":2.9635138511657717,"orthographic":false}