{"cameraMode":{"drawMode":0,"name":"Shaded","section":"Shading Mode"},"sceneLighting":false,"audioPlay":false,"sceneViewState":{"m_AlwaysRefresh":false,"showFog":true,"showSkybox":false,"showFlares":true,"showImageEffects":true,"showParticleSystems":true,"showVisualEffectGraphs":true,"m_FxEnabled":true},"in2DMode":false,"pivot":{"x":-0.11962632834911347,"y":6.336690902709961,"z":-12.873767852783204},"rotation":{"x":0.05948426201939583,"y":0.077785424888134,"z":-0.004644833039492369,"w":0.9951940774917603},"size":4.804466247558594,"orthographic":false}